<?xml version="1.0"?>
<Runs Version="1" Minor="0">
	<Run Id="Datapath_PC_0_0_synth_1" LaunchDir="C:/Users/viper/Downloads/Lab5/Lab5/Lab5.runs/Datapath_PC_0_0_synth_1" FlowId="Vivado_Synthesis" FromStepId="vivado" ToStepId="vivado"/>
	<Run Id="Datapath_PCADD_0_0_synth_1" LaunchDir="C:/Users/viper/Downloads/Lab5/Lab5/Lab5.runs/Datapath_PCADD_0_0_synth_1" FlowId="Vivado_Synthesis" FromStepId="vivado" ToStepId="vivado"/>
	<Run Id="Datapath_ShL2_0_0_synth_1" LaunchDir="C:/Users/viper/Downloads/Lab5/Lab5/Lab5.runs/Datapath_ShL2_0_0_synth_1" FlowId="Vivado_Synthesis" FromStepId="vivado" ToStepId="vivado"/>
	<Run Id="Datapath_SignExt_0_0_synth_1" LaunchDir="C:/Users/viper/Downloads/Lab5/Lab5/Lab5.runs/Datapath_SignExt_0_0_synth_1" FlowId="Vivado_Synthesis" FromStepId="vivado" ToStepId="vivado"/>
	<Run Id="Datapath_datamem_0_0_synth_1" LaunchDir="C:/Users/viper/Downloads/Lab5/Lab5/Lab5.runs/Datapath_datamem_0_0_synth_1" FlowId="Vivado_Synthesis" FromStepId="vivado" ToStepId="vivado"/>
	<Run Id="Datapath_i_mux_0_0_synth_1" LaunchDir="C:/Users/viper/Downloads/Lab5/Lab5/Lab5.runs/Datapath_i_mux_0_0_synth_1" FlowId="Vivado_Synthesis" FromStepId="vivado" ToStepId="vivado"/>
	<Run Id="Datapath_mux_0_0_synth_1" LaunchDir="C:/Users/viper/Downloads/Lab5/Lab5/Lab5.runs/Datapath_mux_0_0_synth_1" FlowId="Vivado_Synthesis" FromStepId="vivado" ToStepId="vivado"/>
	<Run Id="Datapath_regfile_0_0_synth_1" LaunchDir="C:/Users/viper/Downloads/Lab5/Lab5/Lab5.runs/Datapath_regfile_0_0_synth_1" FlowId="Vivado_Synthesis" FromStepId="vivado" ToStepId="vivado"/>
	<Run Id="Datapath_instmem_0_0_synth_1" LaunchDir="C:/Users/viper/Downloads/Lab5/Lab5/Lab5.runs/Datapath_instmem_0_0_synth_1" FlowId="Vivado_Synthesis" FromStepId="vivado" ToStepId="vivado"/>
	<Run Id="Datapath_ALU_0_1_synth_1" LaunchDir="C:/Users/viper/Downloads/Lab5/Lab5/Lab5.runs/Datapath_ALU_0_1_synth_1" FlowId="Vivado_Synthesis" FromStepId="vivado" ToStepId="vivado"/>
	<Run Id="Datapath_mux_0_1_synth_1" LaunchDir="C:/Users/viper/Downloads/Lab5/Lab5/Lab5.runs/Datapath_mux_0_1_synth_1" FlowId="Vivado_Synthesis" FromStepId="vivado" ToStepId="vivado"/>
	<Run Id="Datapath_mux_0_2_synth_1" LaunchDir="C:/Users/viper/Downloads/Lab5/Lab5/Lab5.runs/Datapath_mux_0_2_synth_1" FlowId="Vivado_Synthesis" FromStepId="vivado" ToStepId="vivado"/>
	<Run Id="Datapath_util_vector_logic_0_0_synth_1" LaunchDir="C:/Users/viper/Downloads/Lab5/Lab5/Lab5.runs/Datapath_util_vector_logic_0_0_synth_1" FlowId="Vivado_Synthesis" FromStepId="vivado" ToStepId="vivado"/>
	<Run Id="Datapath_Add_0_0_synth_1" LaunchDir="C:/Users/viper/Downloads/Lab5/Lab5/Lab5.runs/Datapath_Add_0_0_synth_1" FlowId="Vivado_Synthesis" FromStepId="vivado" ToStepId="vivado"/>
	<Run Id="Datapath_ALU_Control_0_0_synth_1" LaunchDir="C:/Users/viper/Downloads/Lab5/Lab5/Lab5.runs/Datapath_ALU_Control_0_0_synth_1" FlowId="Vivado_Synthesis" FromStepId="vivado" ToStepId="vivado"/>
	<Run Id="Datapath_Control_0_0_synth_1" LaunchDir="C:/Users/viper/Downloads/Lab5/Lab5/Lab5.runs/Datapath_Control_0_0_synth_1" FlowId="Vivado_Synthesis" FromStepId="vivado" ToStepId="vivado"/>
	<Parameters>
		<Parameter Name="runs.monitorLSFJobs" Val="true" Type="bool"/>
	</Parameters>
</Runs>

